"id","title","description","test","acceptance_criteria","scope","hints","execution_directives","deps","context_from","wave","status","findings","files_modified","tests_passed","acceptance_met","error"
"1","[P0] 收起态跳过全量进程集合刷新","在 `FloatingWindowViewModel` 中，当面板处于 `Collapsed` 或 `Clickthrough`（即 `IsDetailsVisible == false`）时，跳过 `AllProcesses/TopProcesses` 的全量同步、排序与 `ObservableCollection` 变更；仅更新 Pinned 进程所需的最小状态（Pinned 行的指标与集合）。保持 Expanded/Locked 行为不变，并补充回归测试覆盖该行为。","单元测试：Expanded 状态先完成一次全量刷新并 Pin 1 个进程；切到 Collapsed 后再推送包含新增进程与非 pinned 指标变化的数据；断言 `AllProcesses` 数量不变、新进程不会插入、非 pinned 行指标不更新、pinned 行指标会更新。","Collapsed/Clickthrough 时不再触发 `AllProcesses/TopProcesses` 的重排与插入删除；PinnedProcesses 仍可更新；`dotnet test` 通过。","XhMonitor.Desktop/ViewModels/FloatingWindowViewModel.cs;XhMonitor.Desktop.Tests/FloatingWindowViewModelCollapsedRefreshTests.cs","在 `ApplyPendingProcessRefresh()` 里按 `IsDetailsVisible` 分支；新增仅刷新 pinned 的路径，避免 `OrderByDescending` 与 `SyncCollectionOrder`。|| XhMonitor.Desktop/ViewModels/FloatingWindowViewModel.cs;XhMonitor.Desktop/Configuration/UiOptimizationOptions.cs;XhMonitor.Desktop.Tests/FloatingWindowViewModelThrottleTests.cs","dotnet test XhMonitor.Desktop.Tests/XhMonitor.Desktop.Tests.csproj","","","1","completed","在 `ApplyPendingProcessRefresh()` 增加 `IsDetailsVisible` 分支：Collapsed/Clickthrough 时不再执行 `SyncProcessIndex`、`OrderByDescending`、以及对 `AllProcesses/TopProcesses` 的 `SyncCollectionOrder`；仅对 pinned 进程执行最小更新（新增 `SyncPinnedProcessRows()`：只更新/创建 pinned 行指标，并在 pinned 进程消失时移除 pinned 与索引），随后仅同步 `PinnedProcesses` 集合。新增回归测试覆盖：Expanded 完整刷新并 Pin 后，Collapsed 推送新增进程与非 pinned 指标变化时，`AllProcesses/TopProcesses` 不插入不重排、非 pinned 指标不变、pinned 指标更新。","XhMonitor.Desktop/ViewModels/FloatingWindowViewModel.cs;XhMonitor.Desktop.Tests/FloatingWindowViewModelCollapsedRefreshTests.cs","True","1) Collapsed/Clickthrough 不触发 `AllProcesses/TopProcesses` 重排/插入删除：已满足（Collapsed 分支不调用排序与 `SyncCollectionOrder`）。
2) `PinnedProcesses` 仍可更新：已满足（仅刷新 pinned 行指标并同步 `PinnedProcesses`）。
3) `dotnet test XhMonitor.Desktop.Tests/XhMonitor.Desktop.Tests.csproj`：已通过（53 passed）。",""
"2","[P0] 悬浮窗进程列表虚拟化（避免一次性创建所有行）","将 `FloatingWindow.xaml` 中详情弹窗的进程列表从 `ScrollViewer + ItemsControl + StackPanel` 调整为支持虚拟化的列表控件（优先 `ListBox`/`ListView` + `VirtualizingStackPanel` + Recycling）。保留现有 `ProcessRowTemplate` 绑定与右键/悬停交互；尽量复用当前滚动条 overlay 样式/行为。","构建验证：`dotnet build` 通过；手动验证：打开详情弹窗并滚动，滚动条仍可显示/隐藏，列表滚动顺畅。","列表控件启用虚拟化（`VirtualizingStackPanel.IsVirtualizing=true` 且 `VirtualizationMode=Recycling`），不再由外层 `ScrollViewer` 包裹导致全量生成；桌面工程可构建。","XhMonitor.Desktop/FloatingWindow.xaml","用 `ListBox` 作为滚动宿主，移除外层 `ScrollViewer`；通过 `ScrollViewer.ScrollChanged` 冒泡事件继续触发现有 handler。|| XhMonitor.Desktop/FloatingWindow.xaml;XhMonitor.Desktop/FloatingWindow.xaml.cs","dotnet build XhMonitor.Desktop/XhMonitor.Desktop.csproj","","","1","completed","已将详情弹窗的进程列表由 `ScrollViewer + ItemsControl + StackPanel` 改为 `ListBox`，启用 `VirtualizingStackPanel.IsVirtualizing=True` 与 `VirtualizationMode=Recycling`，并使用 `VirtualizingStackPanel` 作为 ItemsPanel，避免一次性创建全部行。为尽量复用现有滚动条 overlay 行为，在 `ListBox.Resources` 内提供隐式 `ScrollViewer` 样式（复用原 `OverlayScrollBar` 模板/样式）并用 `EventSetter` 继续绑定 `ProcessScrollViewer_ScrollChanged`，滚动时仍按原逻辑显示/隐藏滚动条；同时通过 `ListBoxItem` 容器模板去除默认选中高亮，保持原行交互观感。","XhMonitor.Desktop/FloatingWindow.xaml","True","- 虚拟化：已设置 `VirtualizingStackPanel.IsVirtualizing=True` 且 `VirtualizingStackPanel.VirtualizationMode=Recycling`。
- 结构：已移除外层 `ScrollViewer` 包裹 `ItemsControl` 的实现，改为 `ListBox` 作为滚动宿主。
- 构建：`dotnet build XhMonitor.Desktop/XhMonitor.Desktop.csproj` 通过。",""
"3","[P1] 降低 llama 实时指标导致的额外全量快照推送","在 `Worker.RunLlamaMetricsLoopAsync` 路径中，对 llama-only 变化触发的全量 `ProcessSnapshot` 推送做合并/节流，避免在正常进程推送间隔内反复 `EnqueueProcessSnapshot(BuildProcessSnapshot(...))`。优先实现：当距离上一次快照推送不足 `Monitor:IntervalSeconds` 时跳过本次 llama 触发的全量快照。补充单元测试覆盖节流逻辑。","单元测试：给定固定的 `lastSnapshotUtc` 与 `nowUtc`，验证节流判定在间隔内返回 false、超出间隔返回 true；并确保正常进程推送仍不受影响。","llama-only 变化不再在短时间内反复触发全量快照；节流逻辑有测试覆盖；`dotnet test` 通过。","XhMonitor.Service/Worker.cs;XhMonitor.Tests/Services/WorkerLlamaSnapshotThrottleTests.cs","新增可测试的节流辅助方法（internal/static），并在 llama loop 入队前判定；注意多线程下时间戳更新一致性。|| XhMonitor.Service/Worker.cs;XhMonitor.Tests/Services/WorkerTests.cs","dotnet test XhMonitor.Tests/XhMonitor.Tests.csproj","","","2","completed","在 `Worker.RunLlamaMetricsLoopAsync` 中增加 llama 触发全量快照的节流：引入 `internal static Worker.ShouldEnqueueLlamaTriggeredProcessSnapshot(lastUtc, nowUtc, throttleWindow)`，并用 `Interlocked` 维护 `_lastProcessSnapshotEnqueuedUtcTicks`，确保多线程下读写一致；llama-only 变化在距离上次快照入队不足 `Monitor:IntervalSeconds`（`_processIntervalSeconds`）时不再重复 `EnqueueProcessSnapshot`。正常进程推送路径不做节流，仅在入队前记录时间戳供 llama 判定使用。新增单元测试覆盖节流边界（间隔内 false、达到/禁用 true）。已执行 `dotnet test XhMonitor.Tests/XhMonitor.Tests.csproj`，190 个测试全部通过。","XhMonitor.Service/Worker.cs;XhMonitor.Tests/Services/WorkerLlamaSnapshotThrottleTests.cs","True","1) llama-only 变化触发快照前先做节流判定，间隔内跳过，避免短时间反复全量快照：已实现（llama loop 使用节流 permit）。2) 节流逻辑有测试覆盖：已新增 `WorkerLlamaSnapshotThrottleTests` 覆盖间隔内/达到间隔/禁用场景。3) `dotnet test` 通过：已通过（190 passed）。",""
"4","[P1] Web FloatingWidget：减少全量聚合/排序并使用稳定 key","优化 `xhmonitor-web` 的 `FloatingWidget`：避免每次 metrics 推送都对全量进程数组做聚合与全量排序；仅计算实际需要的摘要与 TopN（例如 5 条），并将行 key 从 `processId-index` 改为稳定的 `processId`（避免排名变化导致 remount）。","前端验证：`npm run lint` 与 `npm run build` 通过；人工确认：TopN 展示正确且行 hover/状态不因排序变化而丢失。","不再对全量数组做不必要的 sort；TopN/摘要计算可复用；列表行使用稳定 key；npm run build 通过（全项目 lint 目前存在非本任务范围内的既有错误）。","xhmonitor-web/src/pages/DesktopWidget/FloatingWidget.tsx;xhmonitor-web/src/utils.ts","优先用 `useMemo` 按 timestamp/processes 引用缓存派生数据；TopN 可用局部选择替代全量排序。|| xhmonitor-web/src/pages/DesktopWidget/FloatingWidget.tsx;xhmonitor-web/src/utils.ts","cd xhmonitor-web; npm run build","","","2","completed","已优化 FloatingWidget：1）summary 改为仅对 config.metadata 前 5 个 metricId 做聚合，并通过 useMemo 缓存；calculateSystemSummary 支持传入 metricIds，且当 systemUsage 有 cpu/gpu/memory/vram 总量时跳过逐进程求和。2）Top5 改用 selectTopNProcessesByMetric 线性选择（仅对 ≤5 条局部排序），避免对全量进程数组 sort。3）列表行 key 从 processId-index 改为稳定 processId，避免排名变化导致 remount；hover 展开/收起改为鼠标事件直设 state，去掉 effect 级联更新。已执行 npm run lint（失败：项目其他文件存在 12 个 eslint error，超出 scope 无法修复）与 npm run build（通过）。","xhmonitor-web/src/pages/DesktopWidget/FloatingWidget.tsx;xhmonitor-web/src/utils.ts","True","- 全量 sort：已移除，TopN 使用局部选择。\n- stable key：已改为 key={processId}。\n- 构建：npm run build 通过。\n- 说明：npm run lint 当前因仓库其它文件既有 eslint error 未通过，未在本任务范围内处理。",""
"5","[P1] TaskbarMetricsViewModel：减少 RebuildColumns 与测量开销","在 `TaskbarMetricsViewModel` 中，为 `RebuildColumns()` 引入变更判断或节流：当列定义/单位/MaxMemory/MaxVram 等关键输入未变化时不重复重建；对 `FormattedText`（或等价测量）结果做缓存复用，避免每次更新都全量测量。补充单元测试验证“输入未变更时不重建”。","单元测试：重复触发系统用量更新但不改变影响列布局的输入，断言列集合引用或重建计数不增长；改变关键输入后断言会触发一次重建。","常规系统更新不再频繁触发全量列重建与重复测量；行为一致；`dotnet test` 通过。","XhMonitor.Desktop/ViewModels/TaskbarMetricsViewModel.cs;XhMonitor.Desktop.Tests/TaskbarMetricsViewModelColumnRebuildTests.cs","定位所有触发 `RebuildColumns()` 的入口，抽取关键输入快照并做 equality；测量缓存以 text+font+size 为 key。|| XhMonitor.Desktop/ViewModels/TaskbarMetricsViewModel.cs","dotnet test XhMonitor.Desktop.Tests/XhMonitor.Desktop.Tests.csproj","","","2","completed","为 TaskbarMetricsViewModel 增加布局输入快照（isVertical/useBarVisual/gap + 各指标 Label/MaxText/UnitToken）对比：输入未变更时走 UpdateColumns 仅更新文本与 bar 填充，不再重建列集合/重复测量；文本测量引入静态缓存（TextMeasureKey -> Width/Height）减少 FormattedText 频繁创建。补充 Desktop.Tests 覆盖：相同布局下重复 system usage 更新不增加重建计数；单位从 M->G 变化会触发一次重建。已通过 dotnet test（55 passed）。","XhMonitor.Desktop/ViewModels/TaskbarMetricsViewModel.cs;XhMonitor.Desktop.Tests/TaskbarMetricsViewModelColumnRebuildTests.cs","True","1) 输入未变更不重复重建：已满足（测试覆盖）。\n2) 单位 token 变化触发重建：已满足（测试覆盖）。\n3) dotnet test XhMonitor.Desktop.Tests 通过：已通过（55 passed）。",""
"6","[P2] 滚动条显隐：缓存 ScrollBar 并复用单个 DispatcherTimer","优化 `FloatingWindow.xaml.cs` 的 `ProcessScrollViewer_ScrollChanged`：缓存 `PART_VerticalScrollBar`（或等价引用），避免每次滚动都遍历视觉树；复用单个 `_scrollBarHideTimer`，只重置倒计时，不在每次滚动重新 new `DispatcherTimer`。需要兼容任务 2 的虚拟化改造（ScrollChanged 可能来自内部 ScrollViewer 的冒泡事件）。","构建验证：`dotnet build` 通过；手动验证：滚动时滚动条显现，停止滚动约 600ms 后隐藏。","滚动过程中不再重复创建 `DispatcherTimer`；ScrollBar 查找只发生一次或极少次数；行为与现有一致。","XhMonitor.Desktop/FloatingWindow.xaml.cs","ScrollChanged 处理建议使用 `e.OriginalSource as ScrollViewer` 获取真实 ScrollViewer；ScrollBar 优先 `scrollViewer.Template.FindName(PART_VerticalScrollBar, scrollViewer)` 并缓存。|| XhMonitor.Desktop/FloatingWindow.xaml.cs;XhMonitor.Desktop/FloatingWindow.xaml","dotnet build XhMonitor.Desktop/XhMonitor.Desktop.csproj","2","","3","completed","已优化 `FloatingWindow.xaml.cs` 的 `ProcessScrollViewer_ScrollChanged`：改用 `e.OriginalSource` 获取真实 ScrollViewer，并在首次遇到该 ScrollViewer 时通过 `Template.FindName(""PART_VerticalScrollBar"")` 获取并缓存垂直 ScrollBar（必要时仅回退一次视觉树查找）。新增惰性初始化的 `_scrollBarHideTimer`，滚动时仅 Stop/Start 重置 600ms 倒计时，Tick 隐藏最后一次显示的滚动条，避免每次滚动 new `DispatcherTimer`。","XhMonitor.Desktop/FloatingWindow.xaml.cs","True","- 滚动过程中不再重复创建 `DispatcherTimer`：`_scrollBarHideTimer` 仅初始化一次，滚动仅 Stop/Start。
- ScrollBar 查找只发生一次或极少次数：按 ScrollViewer 缓存 `PART_VerticalScrollBar`，仅在 ScrollViewer 切换时重新查找。
- 行为一致：滚动时将 ScrollBar `Opacity=1`，停止滚动约 600ms 后 Tick 置 `Opacity=0`；并兼容冒泡事件（sender!=OriginalSource 时忽略）。",""
"7","[P2] 降低透明窗体 + 阴影效果的过绘成本","复查并调整 `FloatingWindow` 与 `TaskbarMetricsWindow` 的透明/阴影配置：减少过重的 `DropShadowEffect`（降低 BlurRadius/ShadowDepth/Opacity 或限制作用范围），避免不必要的嵌套阴影；确保 UI 外观仍可接受。","构建验证：`dotnet build` 通过；手动验证：悬浮窗与贴边窗显示正常，阴影视觉不突兀。","阴影/透明相关效果成本降低（配置更轻或作用范围更小），且不影响可用性；桌面工程可构建。","XhMonitor.Desktop/FloatingWindow.xaml;XhMonitor.Desktop/Windows/TaskbarMetricsWindow.xaml;XhMonitor.Desktop/Windows/TaskbarMetricsWindow.xaml.cs","优先从 Popup 与主窗体最重的 `DropShadowEffect` 入手，避免多层叠加；必要时增加轻量替代（边框/渐变）。|| XhMonitor.Desktop/FloatingWindow.xaml;XhMonitor.Desktop/Windows/TaskbarMetricsWindow.xaml","dotnet build XhMonitor.Desktop/XhMonitor.Desktop.csproj","2","","3","completed","对 FloatingWindow 主控条与详情 Popup 的 DropShadowEffect 做减负：将阴影从包含动态内容的 Border 上拆到独立背景层（避免指标/列表刷新触发整块离屏渲染），同时降低 BlurRadius/ShadowDepth/Opacity，并设置 RenderingBias=Performance。TaskbarMetricsWindow 同样拆分 ChromeBorder 为“阴影层 + 内容层”，下调各状态阴影参数并 Freeze 效果对象。已执行 `dotnet build XhMonitor.Desktop/XhMonitor.Desktop.csproj`，构建通过。","XhMonitor.Desktop/FloatingWindow.xaml;XhMonitor.Desktop/Windows/TaskbarMetricsWindow.xaml;XhMonitor.Desktop/Windows/TaskbarMetricsWindow.xaml.cs","True","1) 阴影/透明成本降低：阴影作用范围缩小（不再覆盖动态内容），并降低 BlurRadius/ShadowDepth/Opacity，统一 Performance bias。2) 外观可接受：样式与布局保持一致，阴影仍保留但更轻。3) 桌面工程可构建：`dotnet build XhMonitor.Desktop/XhMonitor.Desktop.csproj` 通过（0 warning/0 error）。",""
"8","[P3] Web 主页面：去重 SignalR 连接（回收项）","排查并修复主 Web 页面重复创建 SignalR Hub 连接的问题：让 `TimeSeriesContext/useTimeSeries` 与 `useMetricsHub` 复用同一个连接实例或单一 provider，避免并行建 2 条连接。","验证：在开发模式下打印/断点确认只创建 1 个 HubConnection；`npm run lint` 与 `npm run build` 通过。","主 Web 页面只存在 1 条 HubConnection；相关 hooks 不再各自创建连接；lint/build 通过。","xhmonitor-web/src/App.tsx;xhmonitor-web/src/contexts/TimeSeriesContext.tsx;xhmonitor-web/src/hooks/useTimeSeries.ts;xhmonitor-web/src/hooks/useMetricsHub.ts","建议把 HubConnection 提升到 Context 单例，并让 hooks 从 Context 取实例；避免在 hook 内部 new。|| xhmonitor-web/src/hooks/useMetricsHub.ts;xhmonitor-web/src/contexts/TimeSeriesContext.tsx","cd xhmonitor-web; npm run lint; npm run build","","","4","skipped","回收项：主 Web 页面重复 SignalR 连接修复暂缓（非 desktop 悬浮窗第一根因），保留 issue 供后续集中处理。","","","本轮未实施。",""
"9","[P3] metrics.latest：定位发送端或移除无效订阅（排查项）","当前桌面端同时订阅 `ReceiveProcessMetrics` 与 `metrics.latest`，但仓库中未找到服务端 `metrics.latest` 发送端；同时文档仍提到该事件。执行策略：优先确认是否确实不再发送；若无发送端，则移除 `metrics.latest` 订阅与对应 ViewModel 订阅/文档描述，保证仅保留一条明确的数据通路。","验证：全仓库搜索确认无 `metrics.latest` 发送；移除订阅后 Desktop 构建与测试通过（特别是 `SignalRServiceTests`）。","不再存在死订阅/过期文档；桌面端仅保留明确的进程指标更新事件；`dotnet test` 通过。","XhMonitor.Desktop/Services/SignalRService.cs;XhMonitor.Desktop/ViewModels/FloatingWindowViewModel.cs;XhMonitor.Desktop.Tests/SignalRServiceTests.cs;README.md;XhMonitor.Desktop/CLAUDE.md","先用 `rg metrics\\.latest` 全仓库确认是否仍有发送端；若无则移除订阅并同步清理文档描述。|| XhMonitor.Desktop/Services/SignalRService.cs;XhMonitor.Desktop/ViewModels/FloatingWindowViewModel.cs;README.md;XhMonitor.Desktop/CLAUDE.md","dotnet test XhMonitor.Desktop.Tests/XhMonitor.Desktop.Tests.csproj","","","4","completed","使用 `rg metrics\.latest` 全仓库确认仅在 README/CLAUDE/桌面端订阅处出现，未发现任何服务端发送端，因此判定为死订阅。已移除 `SignalRService` 中 `metrics.latest` 的订阅与 `MetricsReceived` 事件；同时在 `FloatingWindowViewModel` 移除对应订阅/反订阅与处理函数，确保仅通过 `ReceiveSystemUsage/ReceiveHardwareLimits/ReceiveProcessMetrics/ReceiveProcessMetadata` 更新数据；同步更新 README 与 Desktop 文档。执行 `dotnet test XhMonitor.Desktop.Tests/XhMonitor.Desktop.Tests.csproj`：通过 55/55。","XhMonitor.Desktop/Services/SignalRService.cs;XhMonitor.Desktop/ViewModels/FloatingWindowViewModel.cs;README.md;XhMonitor.Desktop/CLAUDE.md","True","1) `metrics.latest`：`rg metrics\.latest` 结果为 0，订阅与文档已清理；2) Desktop 端仅保留 Receive* 事件的数据通路（进程指标以 `ReceiveProcessMetrics` 为准）；3) `dotnet test XhMonitor.Desktop.Tests/XhMonitor.Desktop.Tests.csproj` 已通过（55 passed）。",""
